{
  "Whampoa": [
    22.30503,
    114.18955
  ],
  "Ho Man Tin": [
    22.3093594,
    114.1827294
  ],
  "Yau Ma Tei": [
    22.313734,
    114.169815
  ],
  "Mong Kok": [
    22.3194068,
    114.1692081
  ],
  "Prince Edward": [
    22.325736,
    114.167909
  ],
  "Shek Kip Mei": [
    22.331675,
    114.168524
  ],
  "Kowloon Tong": [
    22.3371583,
    114.1760929
  ],
  "Lok Fu": [
    22.338015,
    114.187606
  ],
  "Wong Tai Sin": [
    22.34166,
    114.19385
  ],
  "Diamond Hill": [
    22.340017,
    114.201698
  ],
  "Choi Hung": [
    22.3348908,
    114.2089891
  ],
  "Kowloon Bay": [
    22.3231532,
    114.2140657
  ],
  "Ngau Tau Kok": [
    22.315134,
    114.219628
  ],
  "Kwun Tong": [
    22.311657,
    114.226971
  ],
  "Lam Tin": [
    22.30671,
    114.233702
  ],
  "Yau Tong": [
    22.2940736,
    114.2375638
  ],
  "Tiu Keng Leng": [
    22.3044835,
    114.2528669
  ],
  "Tsuen Wan": [
    22.3730677,
    114.1185963
  ],
  "Tai Wo Hau": [
    22.370609,
    114.124474
  ],
  "Kwai Hing": [
    22.363471,
    114.131255
  ],
  "Kwai Fong": [
    22.3568133,
    114.1278223
  ],
  "Lai King": [
    22.3483517,
    114.126192
  ],
  "Mei Foo": [
    22.3375848,
    114.1379836
  ],
  "Lai Chi Kok": [
    22.33726,
    114.14803
  ],
  "Cheung Sha Wan": [
    22.33498,
    114.15748
  ],
  "Sham Shui Po": [
    22.3285899,
    114.1602846
  ],
  "Jordan": [
    22.30479,
    114.17166
  ],
  "Tsim Sha Tsui": [
    22.2977271,
    114.1721665
  ],
  "Admiralty": [
    22.279412,
    114.164559
  ],
  "Central": [
    22.2819989,
    114.1576766
  ],
  "Kennedy Town": [
    22.2812467,
    114.1288825
  ],
  "HKU": [
    22.283984,
    114.135042
  ],
  "Sai Ying Pun": [
    22.285533,
    114.142733
  ],
  "Sheung Wan": [
    22.2865601,
    114.1518714
  ],
  "Wan Chai": [
    22.2775487,
    114.1731527
  ],
  "Causeway Bay": [
    22.2803747,
    114.1850421
  ],
  "Tin Hau": [
    22.2824215,
    114.1917258
  ],
  "Fortress Hill": [
    22.2879969,
    114.1935635
  ],
  "North Point": [
    22.2912707,
    114.2004947
  ],
  "Quarry Bay": [
    22.2878748,
    114.2097467
  ],
  "Tai Koo": [
    22.2851,
    114.214515
  ],
  "Sai Wan Ho": [
    22.282369,
    114.222449
  ],
  "Shau Kei Wan": [
    22.2792428,
    114.2288794
  ],
  "Heng Fa Chuen": [
    22.27681,
    114.2399117
  ],
  "Chai Wan": [
    22.264625,
    114.237139
  ],
  "South Horizons": [
    22.2428603,
    114.1487444
  ],
  "Lei Tung": [
    22.24074,
    114.15646
  ],
  "Wong Chuk Hang": [
    22.24818,
    114.16835
  ],
  "Ocean Park": [
    22.2488032,
    114.1746826
  ],
  "Tseung Kwan O": [
    22.306961,
    114.26022
  ],
  "Hang Hau": [
    22.3150136,
    114.2646417
  ],
  "Po Lam": [
    22.322478,
    114.257206
  ],
  "LOHAS Park": [
    22.2948541,
    114.2729928
  ],
  "Hong Kong": [
    22.284377,
    114.158056
  ],
  "Kowloon": [
    22.304306,
    114.161475
  ],
  "Olympic": [
    22.317771,
    114.16022
  ],
  "Nam Cheong": [
    22.3267772,
    114.1536799
  ],
  "Tsing Yi": [
    22.3584978,
    114.107672
  ],
  "Sunny Bay": [
    22.331731,
    114.0289607
  ],
  "Tung Chung": [
    22.2873743,
    113.9425086
  ],
  "Disneyland Resort": [
    22.3153543,
    114.0451876
  ],
  "Exhibition Centre": [
    22.2821415,
    114.175501
  ],
  "Hung Hom": [
    22.3027389,
    114.1821136
  ],
  "Mong Kok East": [
    22.3220713,
    114.1725926
  ],
  "Tai Wai": [
    22.373284,
    114.178152
  ],
  "Sha Tin": [
    22.382049,
    114.186856
  ],
  "Fo Tan": [
    22.3959,
    114.198917
  ],
  "Racecourse": [
    22.401083,
    114.2033947
  ],
  "University": [
    22.4134548,
    114.2102967
  ],
  "Tai Po Market": [
    22.4442045,
    114.1711574
  ],
  "Tai Wo": [
    22.450572,
    114.16094
  ],
  "Fanling": [
    22.4920033,
    114.1388264
  ],
  "Sheung Shui": [
    22.500874,
    114.128758
  ],
  "Lo Wu": [
    22.5276195,
    114.1149511
  ],
  "Lok Ma Chau": [
    22.5098835,
    114.0815055
  ],
  "Tuen Mun": [
    22.394902,
    113.973274
  ],
  "Siu Hong": [
    22.409959,
    113.978413
  ],
  "Tin Shui Wai": [
    22.4606419,
    114.0041996
  ],
  "Long Ping": [
    22.44759,
    114.025635
  ],
  "Yuen Long": [
    22.446272,
    114.034924
  ],
  "Kam Sheung Road": [
    22.4341977,
    114.0633652
  ],
  "Tsuen Wan West": [
    22.3680639,
    114.1108726
  ],
  "Austin": [
    22.3052927,
    114.1661027
  ],
  "East Tsim Sha Tsui": [
    22.295263,
    114.174586
  ],
  "To Kwa Wan": [
    22.3181169,
    114.1878494
  ],
  "Sung Wong Toi": [
    22.32591,
    114.1913
  ],
  "Kai Tak": [
    22.33057,
    114.199549
  ],
  "Hin Keng": [
    22.363834,
    114.17079
  ],
  "Che Kung Temple": [
    22.37476,
    114.185953
  ],
  "Sha Tin Wai": [
    22.377823,
    114.197615
  ],
  "City One": [
    22.382832,
    114.203779
  ],
  "Shek Mun": [
    22.387694,
    114.208349
  ],
  "Tai Shui Hang": [
    22.408425,
    114.222716
  ],
  "Heng On": [
    22.41732,
    114.2257
  ],
  "Ma On Shan": [
    22.4276756,
    114.2402751
  ],
  "Wu Kai Sha": [
    22.4287258,
    114.2440697
  ],
  "Airport": [
    22.3158675,
    113.9365616
  ],
  "AsiaWorld-Expo": [
    22.321343,
    113.943288
  ]
}